Content,Image2,Image1,Post ID,Post Link
"Itâ€™s Official! The fourth cohort of FishStalkers is ... OVER?? ... Well, not really,  FishStalkers is has been consumed by Human-Augmented Analytics Group (HAAG). Our new title fitting our expanded set of projects and collaborations. This summer our HAAG researchers are 15 talented Online Computer Science Masters student across the United States ... AND THE GLOBE! These researchers have come from various analytical industries to share their talent with the Georgia Tech Community and beyond. We are inviting you to participate in our many exciting community events to learn what HAAG researcher are all about. We will be holding various seminars and symposiums to share our research and other industry skills.Please Join us in welcoming our  inaugural class of HAAG Georgia Tech Researchers!!! Benjamin Yu, Adam Thomas, Aiden Campbell, Anita Cheung, Ayush Parikh, Elan Grossman, Jacob Shimer, Kailey C., Kausar Patherya, Nikhil Kapila, Terry Junsoo Park, Thomas Orth, Jeanette Schofield, Thomas Deatherage, Charlie ClarkğŸŒğŸŒğŸŒğŸŒğŸŒğŸŒğŸŒğŸŒğŸŒğŸŒğŸŒğŸŒğŸŒComment below if you would like to be contacted for upcoming community events! Or Check us out on the web: https://lnkd.in/gD4jygBcğŸŒğŸŒğŸŒğŸŒğŸŒğŸŒğŸŒğŸŒğŸŒğŸŒğŸŒğŸŒğŸŒ",https://media.licdn.com/dms/image/D5622AQFdXI6wcTbzEA/feedshare-shrink_800/0/1717907268445?e=1720656000&v=beta&t=SOjh2W9QjZqlFA6u2yIGB_XGwQXg_BSYM-iX0Ki7VsQ,https://media.licdn.com/dms/image/D5622AQEcFSGanlNtiQ/feedshare-shrink_800/0/1717907268731?e=1720656000&v=beta&t=PSCUDgWmBPeECcTv2FZ6mXr02oPOmgGPsVXeEnKnWvs,urn:li:activity:7205425337873096704,https://www.linkedin.com/posts/breannashi_this-semester-i-was-celebrated-with-a-display-activity-7065845724684451840-sEhz?utm_source=share&utm_medium=member_desktop
"I want to highlight the work of the Tranformative Teaching and Learning Graduate Commitee lead by Dr. Bonnie Ferri. My involvement started with a conversation with Dr. Ferri regarding the state of the graduate student role and idea that I have for altering the framework in which we view graduate student and their contribution to the broader Georgia Tech Commitee. I was excited to learn that there is a whole team of professionals: Graduate Students, Faculty, and administrators working together on the TTL commitees to implement data-based to improve our graduate programs. One of these members, Director James Black, PhD (pictured below!) has been an encouraging advocate of  empowering our graduate students. In that spirit, I was proud to present my new idea for expanding the role of graduate students in fostering interdisciplinary collaborations to the commitee, The Human-Augmented Analytics Group (HAAG). It was wonderful to received feedback and incite on the launch of this idea and I even had a few faculty express working with us in the fall! Learn more here: https://lnkd.in/gD4jygBcI am very appreciative of the transformative teaching and learnings groups commitment to centering student voices in the pursuit of better support for the next generations of graduates students. I look forward to continuing to learn from these experienced advocates. ğŸğŸğŸğŸğŸğŸğŸğŸğŸğŸğŸğŸğŸğŸ",https://media.licdn.com/dms/image/D5622AQGeWag8qzie0Q/feedshare-shrink_800/0/1717378685628?e=1720656000&v=beta&t=ZbFIDYHFUoGl5GjZjh4D4PCmqWWh7_haDVVCKAjo-tE,https://media.licdn.com/dms/image/D5622AQFjMN70yQimig/feedshare-shrink_800/0/1717378712180?e=1720656000&v=beta&t=aYzmBG21q8sOWke9Izv819MLqvf8Z5PRegAQEzRtdgU,urn:li:activity:7203208413932081152,https://www.linkedin.com/posts/breannashi_i-want-to-highlight-the-work-of-the-tranformative-activity-7203208413932081152-WK_6?utm_source=share&utm_medium=member_desktop
"I am excited to announce my appointment to the Graduate Student Emerging Leaders Advisory Board. In this group, I will be invited to share advise with various leaders across campus seeking graduate student feedback. I am dedicated to serving the graduate students interests and perspectives with this appointment. I will be working Kurt Keppler, Luoluo Hong, PhD, MPH and the Student Engagement and Well-Being Leadership to learn about their initiatives to support students. I will share the insights I learn here! A special thanks to those who nominated me for this position!â¤ï¸ I will make the most of this opportunity to serve my graduate community in a greater capacity. ğŸ ğŸ ğŸğŸğŸğŸğŸğŸğŸğŸğŸğŸğŸ",https://media.licdn.com/dms/image/D5622AQH4ZFaty55SIg/feedshare-shrink_2048_1536/0/1716643362180?e=1720656000&v=beta&t=TlKKaz3b83ZKs5yXjtYMMVs8fsRKUWPCakO5EVkZxPw,https://media.licdn.com/dms/image/D5622AQG0Fa-i1Y9oTA/feedshare-shrink_800/0/1716643364502?e=1720656000&v=beta&t=-keU15Ris14wIvBKzrvW2ApBJwOpgv7DGPPwIm8THc8,urn:li:activity:7200124137011335168,https://www.linkedin.com/posts/breannashi_i-am-excited-to-announce-my-appointment-to-activity-7200124137011335168-ABVf?utm_source=share&utm_medium=member_desktop
"I am ending this academic year watching so many amazing researchers and friends finally become (or soon to be) Doctorates: Roberta Shapiro, Mengshi Zhang, Paramita Chatterjee PhD, MBA , Ian Helfrich â¤ï¸I am proud to see them going on to greater things and I hope you know that myself and your graduate communities will miss you all very much!!Our provost Steve McLaughlin is always a blast to around and a commited supporter of Georgia tech graduate students. So he seemed the perfect person to honor these great researchers with! we had one last T-party before the big  graduation ceremony ğŸ‘©â€ğŸ“I am proud to say we were joined by some talented (not yet graduating) PhD students Princess Pinamang, Carli Roush, Daamini Visaalaakshi. Together, we will do our best to carry the Georgia Tech torch left behind as scientists, mentors, teachers, leaders, and people. â¤ï¸â¤ï¸â¤ï¸â¤ï¸A million congrats ğŸ‰ to Georgia Techs Finest PhDs â¤ï¸â¤ï¸â¤ï¸â¤ï¸",https://media.licdn.com/dms/image/D5622AQFAR_NL_YjwQQ/feedshare-shrink_800/0/1716044310475?e=1720656000&v=beta&t=N_ASb0kuL8eX9PWnDhd_mljVvevNsOU862oZ0BZLbx8,https://media.licdn.com/dms/image/D5622AQFfehUFXmG-8g/feedshare-shrink_800/0/1716044310639?e=1720656000&v=beta&t=jbFKZe2gfBsVefs4IQkc20kHmLg3_JtDAUB-2og2tI0,urn:li:activity:7197611525161852928,https://www.linkedin.com/posts/breannashi_i-am-ending-this-academic-year-watching-so-activity-7197611525161852928-5Sbu?utm_source=share&utm_medium=member_desktop
"I am proud to announce my new role as OMSCS research coordinator and instructor starting this summer!! Over the last year, I have worked with some amazing OMSCS student Jasmine Tata and alumni Jeanette Schofield. The dedication and ability of these students has inspired me to foster a connection with Associate Director of Research OMSCS Nick Lytle, Ph.D. And Executive Director OMSCS David Joyner that has lead to me joining their team to create exciting research collaborations across campus. It was wonderful to meet them both at the OMSCS conference and I am thrilled to see that they share the same passion for indiscipary mentorship as me! I am looking forward to learning from them and developing impactful research experiences for OMSCS students. ğŸ™ŒYou can read more about my work with Jasmine here:https://lnkd.in/gMr-JrUV",https://media.licdn.com/dms/image/D5622AQHGj_SW2BRPQg/feedshare-shrink_2048_1536/0/1715528199677?e=1720656000&v=beta&t=82nALAUzxASaALTMBnF9UIn1SdZyxX4TrBUM2i1GOsY,https://media.licdn.com/dms/image/D5622AQFf-sfic0wsWg/feedshare-shrink_2048_1536/0/1715528199707?e=1720656000&v=beta&t=-YHhO0g6cevm4C20JlVaDMnSW1edmPIaL7gvOrD3Uf4,urn:li:activity:7195446800391000064,https://www.linkedin.com/posts/breannashi_i-am-proud-to-announce-my-new-role-as-omscs-activity-7195446800391000064-o7jI?utm_source=share&utm_medium=member_desktop
"I am Graduate instructor of the year for Biological Sciences!!! ğŸ™ŒğŸ™ŒğŸ™ŒğŸ™ŒğŸ™ŒI want to thank my students in My Georgia Tech VIP Program Course for working hard and making this possible. In my book, a successful teacher learns as much from her students as her students learn from her. I truly feel this encapsulates my experience teaching my research course. I also want to thank the professors who have as mentors in my teaching development. Kate Williams Thank you for inviting me to the Tech to Teaching program and for being a amazing instructor. Ingeborg Schmidt-Krey and Lauren Barbeau Thank you for supporting my student researchers as Faculty mentors for the Women, Science, and Technology program. I am very lucky to have the trust of my students as I guide them in research AND the wisdom of those with great teaching experience to guide me â¤ï¸",https://media.licdn.com/dms/image/D5622AQHl4syPkZeV9A/feedshare-shrink_2048_1536/0/1714758105223?e=1720656000&v=beta&t=uxjqZ9M3HBqq8e2ptxfdxRFfs8-7hlEglLNcMB_KYSk,https://media.licdn.com/dms/image/D5622AQFKvK-GMr-4GA/feedshare-shrink_2048_1536/0/1714758105352?e=1720656000&v=beta&t=NldOyjgGq3F6Rvo2of8g8LoCz4s6_D4on8j3UnReGVQ,urn:li:activity:7192216786459660289,https://www.linkedin.com/posts/breannashi_i-am-graduate-instructor-of-the-year-for-activity-7192216786459660289-6Sq6?utm_source=share&utm_medium=member_desktop
"Women Scientists  are amazing!!!! Zoey (Li-Yen) Yang and I were proud to share our experience with the women in computational biology mentorship program with the Georgia Tech Graduate News letter. Lead by the amazing Postdoc Avery Davis Bell, PhD and Faculty Shina Caroline Lynn Kamerlin. Zoey and I speak about the how this program has positively impacted our graduate school experience and how other women in the Georgia tech community can start building their own community.Read more here: https://lnkd.in/ggJut28XSpecial Thanks to Sara Franc and Brittani Hill for their work in the development and promotion of this peice. I am always impressed by the work of their office. Itâ€™s truly a honor to work with you both.â¤ï¸We also want to thank the Lisa Redding and King Jordan from the Bioinformatics Department for your continual assistance and support of our program. As Bioinformatics PhDs,  Zoey and I are excited to support the professional and personal development of women and gender minorities in the bioinformatics program through this program ğŸ˜ŠI will end with sharing this post of Zoey and I having a blast at the Graduate Gala with our fellow female scientist Daamini Visaalaakshi as a very important reminder to my academic community: Women ğŸ‘Scientists ğŸ‘Are ğŸ‘PeopleğŸ‘It very important to me that we reinforce a complete and humanized picture of the female scientist in our programming. I am excited to connect with and serve our next Co-hort of women in computational biology. â¤ï¸â¤ï¸",https://media.licdn.com/dms/image/D5622AQGwqu25SmFh8w/feedshare-shrink_2048_1536/0/1714238423746?e=1720656000&v=beta&t=5G0UMcZ3vD2PNZFUAgF9BV_j_f0M0Ts_VjXHUqD_Lw8,https://media.licdn.com/dms/image/D5622AQGwqu25SmFh8w/feedshare-shrink_2048_1536/0/1714238423746?e=1720656000&v=beta&t=5G0UMcZ3vD2PNZFUAgF9BV_j_f0M0Ts_VjXHUqD_Lw8,urn:li:activity:7190037084299055104,https://www.linkedin.com/posts/breannashi_women-scientists-are-amazing-zoey-li-yen-activity-7190037084299055104-qKkb?utm_source=share&utm_medium=member_desktop
"Last month, I was invited to speak with the Georgia Tech Online Computer Science Masters students. I have had the absolute pleasure of working with a few OMSCS students and alumni Jasmine Tata, Jeanette Schofield, Junsoo Park, and Thomas Bowlin who have and are completing innovative research in the McGrath lab. I am inspired by these talented student researchers and I definitely learn as much from them as they teach me. I see the OMSCS students as leaders in the Georgia Tech community as many of these students have extensive industry expertise. We have a lot to gain from extending collaboration with the OMSCS community.That is why I am proud to announce that I will be collaborating with Dr. David Joyner and Dr. Nick Lytle, Ph.D. this summer to expand research collaborations between skilled OMSCS professionals and the greater Georgia Tech community. I am very excited to tackle the challenges of online collaboration because I truly believe their is so much to gain in our science from expanding access to interdisciplinary research. If you are a graduate student, faculty, or other researcher interested in learning about what OMSCS students can contribute to your team. Please feel free to reach out so we can design a project with OMSCS students that meets your computational needs.",https://media.licdn.com/dms/image/D5622AQF_lcAnjo6SPQ/feedshare-shrink_2048_1536/0/1713490761186?e=1720656000&v=beta&t=asj415e4mqmrIALk_0-DQMaQ8tVVlYDnoWoWfgKpsUs,https://media.licdn.com/dms/image/D5622AQF_lcAnjo6SPQ/feedshare-shrink_2048_1536/0/1713490761186?e=1720656000&v=beta&t=asj415e4mqmrIALk_0-DQMaQ8tVVlYDnoWoWfgKpsUs,urn:li:activity:7187076223309692929,https://www.linkedin.com/posts/breannashi_last-month-i-was-invited-to-speak-with-the-activity-7187076223309692929-tBYH?utm_source=share&utm_medium=member_desktop
"I FAILED at the 3MT prelims round for the 3RD TIME!!!!!!!!! â€¦ AND I will be back again next year! ğŸ˜Let me start by saying, this years competitors were very strong and Iâ€™m happy for the graduate students who made it to the next round. I think they deserved it. Iâ€™d like to use this experience to springboard a discussion about why good ideas fail.If you are lucky, you will be in a space where your new ideas are heard and the people around you will come beside you to see the idea through and advise you on how you can make this idea better. But most of the time you canâ€™t expect this will happen. Hereâ€™s why:NEW IDEAS= CHANGEALOT OF PEOPLE = HATE CHANGEWhen you are not in the position of absolute power, you need leaders and peers to co-sign your idea. If your idea requires people to act differently from their default, you have lost some percentage of your potential supporters on the basis of change. It doesnâ€™t matter how â€œgoodâ€ your idea is.I say this to demonstrate that it is STATISTICALLY IGNORANT to kill your own idea just because one or a few people donâ€™t care for it. So a few people thought my talk wasnâ€™t their cup of tea â˜•ï¸ Who cares? ğŸ¤·ğŸ»â€â™€ï¸It will be 3 different judges next year and You all better watch out because next year I am coming for the crown ğŸ‘‘ !ğŸ˜‚ I share this clip of my failure so that YOU might be brave enough to fail too. None of it matters as long as you dust yourself off and keep going, you will get to where you want to be eventually.",,,urn:li:activity:7185036920492580864,https://www.linkedin.com/posts/breannashi_i-failed-at-the-3mt-prelims-round-for-the-activity-7185036920492580864-dre1?utm_source=share&utm_medium=member_desktop
Very Proud to have Jameson representing FishStalkers research group at the neuroscience research symposium 2024. Jameson is a absolute pleasure to work with and he always brings a unique perspective to our team. This semester Jameson lead a Journal club for the undergraduates and masters student in the McGrath lab which is a very important space for peer-to-peer research colaboration. Iâ€™m proud see how far Jameson has developed as a researcher and excited to see what he will do next. Way to go Jameson!!,https://media.licdn.com/dms/image/D4E22AQFK-u7AfujXCw/feedshare-shrink_800/0/1712034214207?e=1720656000&v=beta&t=4_OiOxPm1uQdjIGWt0U6Vvvt6zB58kXMB1Qqysh-dmw,https://media.licdn.com/dms/image/D4E22AQEN0uuEhYzbNQ/feedshare-shrink_800/0/1712034213991?e=1720656000&v=beta&t=XEoC-BJ7sUbLn2ogQvp1PqZbulzPr37Vo7Wk3WBsCUM,urn:li:activity:7182389612307230720,https://www.linkedin.com/posts/breannashi_neuroscience-research-activity-7182389612307230720-u1Zy?utm_source=share&utm_medium=member_desktop
"The highlight of my week was participating in a campus video about the importance of freedom of expression on campus which is being championed by  Vice President Luoluo Hong, PhD, MPH . This was such a great excuse to get out of the lab and be a part of the institutes discussion on rights, responsibilities, and expression. I am glad this initiative took an intentional look at the graduate student perspective on this issue. Graduate students are in the unique position of having both having the expression regulated by their supervisors and regulating others expression (leading classrooms, and mentoring student researchers). To me, the most important aspect of freedom of expression is the freedom to skepticism. You cannot create anything new without the freedom to be skeptical about ideas and the current norms in society. I was raised an evironment which was afriad of skepticism. I was taught evolution isnâ€™t real and that females should not be leaders. Now, I am female scientist in a evolution lab who leads a group of student researchers. Academia has given me the space to be skeptical about ideas and develop my own beliefs. I seek to provide this level of freedom to every student who is brave enough to allow me to lead them. My challenge is to other leaders at Georgia Tech that you would also protect our freedom of expression by accepting valid skepticism and listen to new ideas with the same credence you would give your own.",https://media.licdn.com/dms/image/D5622AQHTt4pPufiU5g/feedshare-shrink_2048_1536/0/1711934268233?e=1720656000&v=beta&t=BHyd7uZgU9n1DiaujI6-eCbRy1_pxRrbMfGII1qh8vQ,https://media.licdn.com/dms/image/D5622AQHTt4pPufiU5g/feedshare-shrink_2048_1536/0/1711934268233?e=1720656000&v=beta&t=BHyd7uZgU9n1DiaujI6-eCbRy1_pxRrbMfGII1qh8vQ,urn:li:activity:7180372756704772097,https://www.linkedin.com/posts/breannashi_the-highlight-of-my-week-was-participating-activity-7180372756704772097-SbB1?utm_source=share&utm_medium=member_desktop
"Thank you to everyone that joined us for the BioSci Townhall Meeting this Monday! We were glad to see a good turnout of graduate students representing their respective programs. Building from the goals discussed within this group, we will be forming a BioSci Graduate Student Association (BioSci GSA) to implement changes based on the findings of the townhall meeting and act as liaisons for the graduate students from their respective program. This is a great opportunity to serve your graduate community, develop leadership skills and learn how to implement collective change in a higher education setting. Please fill out the link to nominate yourself or a peer to serve as a representative for one of the five BioSci graduate programs (APPH, BINF, BIO, OSE, QBIOS). We encourage you to think about people in your community that would be advocates and nominate them for this opportunity.  BioSci GSA Self/Peer Nomination Form:https://lnkd.in/gNr6dK4W Additionally, if you have general comments, concerns, or feedback that you would like to see addressed, please feel free to share anonymously using the following link: https://lnkd.in/g4D6qtek Sincerely, Bree Shi and Princess Pinamang",https://media.licdn.com/dms/image/D5622AQHYCjxC3qcxuQ/feedshare-shrink_2048_1536/0/1711223464645?e=1720656000&v=beta&t=TVoZ4ZKtPooCyDarXQtSTybNzhxFG7FfIHVqdwNNj4Q,https://media.licdn.com/dms/image/D5622AQHYCjxC3qcxuQ/feedshare-shrink_2048_1536/0/1711223464645?e=1720656000&v=beta&t=TVoZ4ZKtPooCyDarXQtSTybNzhxFG7FfIHVqdwNNj4Q,urn:li:activity:7177391427822260224,https://www.linkedin.com/posts/breannashi_thank-you-to-everyone-that-joined-us-for-activity-7177391427822260224-ppC4?utm_source=share&utm_medium=member_desktop
"I am proud to announce my third generation of fishstalker machine learning researchers. https://lnkd.in/gXfU3WNbWe are a interdisciplinary group of 7 undergraduate and 4 masters level researchers across the following majors: Computer Science, Bioinformatics, and Neuroscience. I am greatly greatful to all my mentees for everything they have taught me and for taking initiative in our group. This community would be nothing without their buy in and faith in me to lead them responsibly and ethically. I do my best everyday to meet that expectation. I want to take this time to highlight two very cool FishStalkers. Iâ€™ve had the absolute pleasure to work with.Jasmine Tata and Jeanette Schofield are our first OMSCS FishStalker researchers. Through their passion for research, we have greater invented systems for conducting remote researcher. This has added a ton of value to our program that we are able to on-board researchers from anywhere into our projects. The OMSCS program is very unique that it attracts experience students already working in industry. Jasmine Tata and Jeanette Schofield are already quite skilled in computer science and frankly there is so much I can learn from them as people and professionals ğŸ˜ŠI am honored to announce this Tuesday at 8pm EST I was invited by Nick Lytle, Ph.D. to present my work at the OMSCS seminar! I am so excited to hear insights about my work from this talented community and to share opportunities expand my collaboration with OMSCS professionals. As always questions and comments are more than welcome! Happy spring break to those very few academics that partake! ğŸ˜‚ğŸ˜ğŸ˜‚",https://media.licdn.com/dms/image/D5622AQHzapcQPsK50w/feedshare-shrink_2048_1536/0/1710611653288?e=1720656000&v=beta&t=36rXUd5m3EVFEaoFDaKlxXFUAdV-Q2tFoLO7z_nuMz4,https://media.licdn.com/dms/image/D5622AQHzapcQPsK50w/feedshare-shrink_2048_1536/0/1710611653288?e=1720656000&v=beta&t=36rXUd5m3EVFEaoFDaKlxXFUAdV-Q2tFoLO7z_nuMz4,urn:li:activity:7174825309345644545,https://www.linkedin.com/posts/breannashi_i-am-proud-to-announce-my-third-generation-activity-7174825309345644545-aZIe?utm_source=share&utm_medium=member_desktop
"Happy National Womens day!  I am excited to announce that me and my good friend Zoey (Li-Yen) Yang will be leading the next cohort of the Women Computational Biology Mentorship program! We will be supported in this endeavor by two amazing female scientists Avery Davis Bell, PhD and Shina Caroline Lynn Kamerlin. Zoey and I are looking forward to learning as much as we can from these amazing women leaders!ğŸ§¬ğŸ‘©ğŸ¾â€ğŸ’»âœğŸ»ğŸ‘©ğŸ»â€ğŸ’»ğŸ¦¾ğŸ‘©ğŸ½â€ğŸ’»ğŸ¦¿ğŸ‘©ğŸ¼â€ğŸ’»ğŸ§ ğŸ‘©ğŸ¿â€ğŸ’»ğŸ«€I was thrilled to speak on the new on the new bioscience and recruitment panel to share about this mentorship opportunity that has brought me much personal growth and happiness ğŸ˜Zoey and I are looking forward to seeing the next generation of women scientists be amazing at Georgia Tech! As always comment section is open for discussion ğŸ˜Š",https://media.licdn.com/dms/image/D5622AQHSMjXjT0xuWQ/feedshare-shrink_2048_1536/0/1710009963530?e=1720656000&v=beta&t=BFvdM_MnnQLqLarzBJiaz0umHxDcq5i9NjLj1EezROE,https://media.licdn.com/dms/image/D5622AQFNWHOx4B_T5w/feedshare-shrink_2048_1536/0/1710009963355?e=1720656000&v=beta&t=cDCOwi6T6h-vjKW28kNCWPKQU7q1drc7aeWl1wPcTLg,urn:li:activity:7172301638261485568,https://www.linkedin.com/posts/breannashi_happy-national-womens-day-i-am-excited-activity-7172301638261485568-t83P?utm_source=share&utm_medium=member_desktop
This week I had the honor to meet Georgia Tech next generation of Bio-scientists at our annual departmental recruitment event! It always cathartic to share my experiences with the new PhD students and help them to make the best of their experience at Tech. I wishing you all the best of luck in your graduate school endeavors and I canâ€™t wait to see all the great things you will accomplish here at tech. Please know you are welcome to reach out to me anytime. I am always happy to share the tips and tricks of the trade ğŸ˜ğŸ”¬ğŸ§¬,https://media.licdn.com/dms/image/D5622AQE5a8nMYFK-Sg/feedshare-shrink_2048_1536/0/1709520305146?e=1720656000&v=beta&t=iYiWAeoBRlVoDbGB8YLXQQslzDn65G29ZpTFxxy1I1Q,https://media.licdn.com/dms/image/D5622AQHYdErb_Vgx3g/feedshare-shrink_2048_1536/0/1709520304728?e=1720656000&v=beta&t=qATdLA_1Ob6braqIliO02dIkBvndiyo213c6ae5ZvMc,urn:li:activity:7170247861580890112,https://www.linkedin.com/posts/breannashi_this-week-i-had-the-honor-to-meet-georgia-activity-7170247861580890112-RLOn?utm_source=share&utm_medium=member_desktop
"We are back at it again: ğŸ˜‹ WACKY ğŸ˜‹  ğŸ‘¨â€ğŸ”¬ SCIENCE ğŸ‘©â€ğŸ”¬  ğŸ¤– FRIDAY ğŸ¤– I am here with my collaborator and phenomenal friend Luke Foster. Luke is a Third year Chemistry PhD using the Western blots technique to illuminate the role of proteins in cancer drug efficacy. Together we are designing a tool to automate portions of the Western Blot technique.  Continue reading for how you can contribute to this project!Research Pool is an exciting new program I am piloting to bridge the gap between scientists, engineers and the data scientists. Each group will be lead by one subject expert just like Luke and a data scientist like myself! Learn more about Luke's group and sign up here ... https://lnkd.in/gXvnPwvTPhoto Credits to my new friend Ian Helfrich :)",https://media.licdn.com/dms/image/D5622AQEcLU0N7mm0hA/feedshare-shrink_800/0/1708720501720?e=1720656000&v=beta&t=RBrgQX9aFIiZn-aBqbGvQyVfxosGX2FnLmGZLk3EjL0,https://media.licdn.com/dms/image/D5622AQEcLU0N7mm0hA/feedshare-shrink_800/0/1708720501720?e=1720656000&v=beta&t=RBrgQX9aFIiZn-aBqbGvQyVfxosGX2FnLmGZLk3EjL0,urn:li:activity:7166893286580834304,https://www.linkedin.com/posts/breannashi_we-are-back-at-it-again-activity-7166893286580834304-Y1r7?utm_source=share&utm_medium=member_desktop
"Here I am up to my ğŸ§¬Wacky ğŸ”¬science Friday shenanigans with my good friend ğ™¿ğš›ğšğšŒğš’ğš˜ğšğšœ ğ™²ğš‘ğšğš”ğš ğšğš‹ğšğš– a second year Biology PhD at Georgia Tech Research using his skill to study heart development. Precious is a passionate mentor and scientist so I am thrilled to announce he has decided to co-lead one of our new Research Pool Projects in his subject of expertise. Research Pool is an exciting new program I am piloting to bridge the gap between scientists, engineers and the data scientists. Each group will be lead by one subject expert just like Precious and a data scientist like myself! We are currently still accepting members click the link below to read more or sign up to participate.https://lnkd.in/gXvnPwvT",https://media.licdn.com/dms/image/D5622AQFKp_evroQjXQ/feedshare-shrink_2048_1536/0/1708188558878?e=1720656000&v=beta&t=-8B08zLx1hl8vcsbpE4EorJQQ-UEXgSl00fqfOToUl0,https://media.licdn.com/dms/image/D5622AQFKp_evroQjXQ/feedshare-shrink_2048_1536/0/1708188558878?e=1720656000&v=beta&t=-8B08zLx1hl8vcsbpE4EorJQQ-UEXgSl00fqfOToUl0,urn:li:activity:7164662113729232896,https://www.linkedin.com/posts/breannashi_here-i-am-up-to-my-wacky-science-friday-activity-7164662113729232896-WFfR?utm_source=share&utm_medium=member_desktop
"Hope you all are having a ğŸ§¬WaCkY ğŸ§¬SCIenCe ğŸ§¬ FRIDAY! Iâ€™ll be your host and (nearly) certified ğŸ¤¯ MAD professor.ğŸ¥¸To my right, you will see the FishStalker 9000 which is in beta testing to help us spot more fish then ever before!! ğŸ£ Here I will spend copious hours developing our stereo vision technology which will help us understand the mating behavior of wacky little fishes and only rarely banging my head into the wall so I can pass out and steal a minute of sleep from my ğŸ§™ğŸ§™THESIS OVERLORDS. ğŸ§™ğŸ§™ğŸ¤“Stay tuned for more wacky science fun with Bree!ğŸ¤“",https://media.licdn.com/dms/image/D5622AQF96UsHyJRb2w/feedshare-shrink_2048_1536/0/1707523563483?e=1720656000&v=beta&t=mhSY0cjI5jeVOUaidU4n1TC9DIx1XWm9tUamLI6LO5A,https://media.licdn.com/dms/image/D5622AQF96UsHyJRb2w/feedshare-shrink_2048_1536/0/1707523563483?e=1720656000&v=beta&t=mhSY0cjI5jeVOUaidU4n1TC9DIx1XWm9tUamLI6LO5A,urn:li:activity:7161872921378902016,https://www.linkedin.com/posts/breannashi_hope-you-all-are-having-a-wacky-science-activity-7161872921378902016-oAbM?utm_source=share&utm_medium=member_desktop
"I am proud to serve as the Graduate representative for the Georgia Institute of Technology Womenâ€™s resource director search committee. As part of this process, there will be an opportunity for the larger Georgia tech community to meet with our finalist candidates. If you are a graduate or undergraduate student who would like to give your feedback on which candidate YOU think best meets the needs of our community please reach out and I will share the times/location of these meetings. Otherwise, for those of you who may have less time, I encourage you to vote in this poll for which qualities you think are more important for supporting women at Tech. Thank you for your help making Tech a great place for women! hashtag#georgiatech hashtag#graduate hashtag#highereducationleadership",,,urn:li:activity:7157199186755522560,https://www.linkedin.com/posts/breannashi_georgiatech-graduate-highereducationleadership-activity-7157199186755522560-sJew?utm_source=share&utm_medium=member_desktop
"Asmita Lagwankar has returned from her co-op at Cellarity to complete her last semester of her Bioinformatics Master Georgia Institute of Technology . This semester, she will be co-mentor by myself and Biology PhD Cait Sullivan. Asmita is always an absolute pleasure to work with and I am so excited to see her apply all her her new skills from her internship into our new single-cell analysis. I was always e greatful to asmita for trust me to be her mentor. She is my first masterâ€™s mentee I will have the pleasure of watching graduate very soon! This amazing student will be on the job market in just a few months! Please send any good Bioinformatics/ data science job leads in your network her way! ğŸ§ªğŸ§¬ğŸ§ªğŸ§¬ğŸ§ªğŸ§¬ğŸ§ªğŸ§¬ğŸ§ªğŸ§¬ğŸ§ªğŸ§¬ğŸ§ªğŸ§¬",https://media.licdn.com/dms/image/D5622AQHus_WwaCX0aQ/feedshare-shrink_2048_1536/0/1705643314746?e=1720656000&v=beta&t=oZ18RODuiHpxTehjQorXcFWOPptxGIYW0oKEcHtY_4g,https://media.licdn.com/dms/image/D5622AQHus_WwaCX0aQ/feedshare-shrink_2048_1536/0/1705643314746?e=1720656000&v=beta&t=oZ18RODuiHpxTehjQorXcFWOPptxGIYW0oKEcHtY_4g,urn:li:activity:7154095180512415744,https://www.linkedin.com/posts/breannashi_asmita-lagwankar-has-returned-from-her-co-op-activity-7154095180512415744-WZRC?utm_source=share&utm_medium=member_desktop
"I want to start some collaboration groups with a focus on producing publications across disciplines in my LinkedIn connections. If you are interested in contributing, please fill the following poll. All background and experience levels welcome. â›„ï¸â›„ï¸â›„ï¸â›„ï¸â›„ï¸â›„ï¸â›„ï¸â›„ï¸â›„ï¸â›„ï¸â›„ï¸â›„ï¸â›„ï¸â›„ï¸ â„ï¸â„ï¸â„ï¸â„ï¸Happy Holidays!â„ï¸â„ï¸â„ï¸â„ï¸â›„ï¸â›„ï¸â›„ï¸â›„ï¸â›„ï¸â›„ï¸â›„ï¸â›„ï¸â›„ï¸â›„ï¸â›„ï¸â›„ï¸â›„ï¸â›„ï¸",,,urn:li:activity:7145841127823220736,https://www.linkedin.com/posts/breannashi_i-want-to-start-some-collaboration-groups-activity-7145841127823220736-eM8a?utm_source=share&utm_medium=member_desktop
"Shout out to my second generation of research mentees Michael Ortega Jasmine Tata Jameson Pham ! These amazing student researchers are finishing out the semester strong sharing their semesterâ€™s work with their fellow researcher. I am so proud of my mentee team and their work not only in their research, but also to uphold a high standard of colaboration to sustain a positive and empowering research environment. I am always trying new techniques with my group and not everything work. They have stuck with it and I am lucky to have these young researchers carrying the torch as second generation FishStalkers. ğŸ˜Š I learn so much from my student researcher every semester as I strive to be a better mentor and leader. Thank you again for your trust and vote of confidence!ğŸ ğŸ ğŸ ğŸ ğŸ ğŸ ğŸ ğŸ ğŸ ğŸ ğŸ ğŸ ğŸ ğŸ To any undergraduates or masters student, we are currently looking for students to join our group. Please send me a message to inquire! If you are a mentor who is interested in my mentorship strategies, questions and messages are always welcome! ğŸ ğŸ ğŸ ğŸ ğŸ ğŸ ğŸ ğŸ ğŸ ğŸ ğŸ ğŸ ğŸ ğŸ Looking forward to all we will accomplish together next year! Happy holidays everyone!",https://media.licdn.com/dms/image/D4D22AQH0Cx-EOHi3Qw/feedshare-shrink_2048_1536/0/1702762013627?e=1720656000&v=beta&t=Ff3yc7s5kWWppEA0YE8wbZqTilxo0z8lMumCY9wRUpo,https://media.licdn.com/dms/image/D4D22AQEgvEGTEfjBLw/feedshare-shrink_2048_1536/0/1702762012991?e=1720656000&v=beta&t=L8EqTwG7kL7C0eKD6vAqUoA3WWgDNvMuD5rKKLEuh6Y,urn:li:activity:7141901539022991361,https://www.linkedin.com/posts/breannashi_shout-out-to-my-second-generation-of-research-activity-7141901539022991361-WjzL?utm_source=share&utm_medium=member_desktop
"Wow! THEY ğŸ“ DID ğŸ“ IT!!!ğŸ“ I could not be more proud of my FIRST generation of research mentees who will be GRADUATES! So we went down to the cafe to ğŸ‰hashtag#CELEBRATE ğŸ‰ RESEARCHERS who were brave enough to give me my first chance at teaching research. I have had th pleasure of directing their scientific talent into projects that bloomed into biological and computational resources that will help many young researchers. Let me tell you more about what these AMAZING Georgia Tech Graduates are up to next and how YOU can help them on their journey.Chinar Dankhara is a dedicated and talented computer science graduate with a great gift for teaching and managing others. He came to my group to develop our computer vision data analysis pipeline and work on our Yolo-Sort object detection. He lead a group of student researchers in my FishStalker VIP course and has since gone on to pursue his interest in Natural Language Processing algorithm develop through his many appointments in both industry and academic labs. He will be continuing in his Georgia Tech Graduate Studies as a Computer Science Masters student with a specialization in machine learning. If you work in a Georgia Tech NLP lab, that is looking for a CS masters student, or have some advice for a up and coming graduate student please reach out in the DMs or comments!!!Annelie Minor is a skilled and hard-working Pre-Med biology graduate who extremely considerate and kind in all her interactions with others. She joined our group to improve our cichlid behavior studies and was passion about innovating in our studies and experimental design. She mentored student researchers in biology design in my VIP research course. She since continued her practical understanding of medicine through shadowing at a local hospital. Annelie Minor is currently looking for opportunities to use her degree for biology research in the Atlanta area before transitioning to an MD program. If you are aware of any labs looking for a wonderful lab technician or any advise for Annie , please reach out to us in the DMs or in the comments!!William Hancock is a pre-med biologist with as brains to match the size of his hilarious and energetic personality! He has a passion for learning new computational skills and help broaden our research impact through his unique biological perspective on our computational methods. He led a biological group in my VIP course and similarly shadowed at a local hospital. After graduation, Will will be pursing his MD! If you are aware of any labs looking for a wonderful lab technician or any advise for Will , please reach out to us in the DMs or in the comments!!I am so glad to see all of these talented graduates passion about continuing their education. I have no doubt that these young researchers will have a great impact on their community as compassionate and dedicated people. I thank you all for everything I have learned as your mentor and look forward to seeing you accomplish your life goalsğŸ˜Š",https://media.licdn.com/dms/image/D5622AQGwpa5e6PpLAA/feedshare-shrink_2048_1536/0/1702264263783?e=1720656000&v=beta&t=iu-Qk-7tnS83VJJFiCFU6MB5wLw9_5CLv3e6S27KJis,https://media.licdn.com/dms/image/D5622AQGwpa5e6PpLAA/feedshare-shrink_2048_1536/0/1702264263783?e=1720656000&v=beta&t=iu-Qk-7tnS83VJJFiCFU6MB5wLw9_5CLv3e6S27KJis,urn:li:activity:7139813814744600576,https://www.linkedin.com/posts/breannashi_celebrate-activity-7139813814744600576-1XzR?utm_source=share&utm_medium=member_desktop
"A big thank you to all the first year bioscience PhDs in the tools of science ethics course for allowing me to visit you last day of class to share my PhD experience! Dr. Ingeborg Schmidt-Krey and Dr. Shuyi Nie do such a good job of making the concept of biological ethics an engaging and resourceful experience for the first year PhD students in our school. I am glad to share this panel with Marina Haldopoulos. Itâ€™s was exciting to share our perspectives on the Tech to Teaching program and give insights on the PhD process. This is a hotly debated subject, but I think the first year of the PhD is the hardest. Itâ€™s always hard to find community in a new program and at the beginning itâ€™s easy to feel like your never going to have the skills you need to make it through. So to any 1st years reading this, remember this is a long process and try to enjoy where you are at right now. I know it doesnâ€™t seem like it right now, but you are going to find your place in the scientific community. Comment below YOUR hardest PhD year and any advise you have for the 1st years coming up behind us! ğŸ¥¼ğŸ™€ğŸ˜Š wherever you are in your education journey, you got this! One step in front of the other and youâ€™ll be there in no time ğŸ˜Š",https://media.licdn.com/dms/image/D5622AQFJMGpdH2xmkQ/feedshare-shrink_2048_1536/0/1701744659905?e=1720656000&v=beta&t=cnGoHDHO0k3fV6TzcCdFwhO2sDiJEIttPjVECuXL3x0,https://media.licdn.com/dms/image/D5622AQFJMGpdH2xmkQ/feedshare-shrink_2048_1536/0/1701744659905?e=1720656000&v=beta&t=cnGoHDHO0k3fV6TzcCdFwhO2sDiJEIttPjVECuXL3x0,urn:li:activity:7137634437613195265,https://www.linkedin.com/posts/breannashi_a-big-thank-you-to-all-the-first-year-bioscience-activity-7137634437613195265-XhXY?utm_source=share&utm_medium=member_desktop
"I hope you all had a peaceful break with your loved ones.  This year, I am thankful for my amazing mother Julie Shi-Branch has been an exceptional teacher to young people in Florida since I was in middle school (Which might explain a little about my passions as a researcher). Since high school, I have visited her classroom bi-annually to teach her students math and science.  I found an old video of my very first time teaching in my mother's classroom and I combined it with a video I took of me sharing my research with students yesterday! Now, nearing the half-way mark on my PhD, I thought it would be fun to share this journey with all you! Speaking to a new generation is easily one of the highlights of each year for me. I am lucky to have my mother who has encouraged me, but when I was their age, I did not even know a scientist! This holiday season, I highly recommend pushing yourself to get out of the lab and communicate your science to someone new! You could be the first scientist they meet and you might be surprised what you can learn from them!â¤ï¸",,,urn:li:activity:7135431220850540544,https://www.linkedin.com/posts/breannashi_i-hope-you-all-had-a-peaceful-break-with-activity-7135431220850540544-sKYY?utm_source=share&utm_medium=member_desktop
Thrilled to announce the launch of Georgia Tech Bioscience Graduate Association with Leah Pennell and Nolan Barrett !! Our goal is to foster greater community through targeted conversations on graduate student priorities. Be on the look out for more from us on our first town hall!,https://media.licdn.com/dms/image/D5622AQFrVlNDM-3IFw/feedshare-shrink_2048_1536/0/1700195649534?e=1720656000&v=beta&t=5bmO0VUg9K4Et2ngBpIMgMpE0myhLoAXEcU5CKIiaXc,https://media.licdn.com/dms/image/D5622AQFrVlNDM-3IFw/feedshare-shrink_2048_1536/0/1700195649534?e=1720656000&v=beta&t=5bmO0VUg9K4Et2ngBpIMgMpE0myhLoAXEcU5CKIiaXc,urn:li:activity:7131137422263783424,https://www.linkedin.com/posts/breannashi_thrilled-to-announce-the-launch-of-georgia-activity-7131137422263783424-x_9C?utm_source=share&utm_medium=member_desktop
"I had an amazing experience serving on the Scientist Panel for Girls in engineering day!!ğŸ”­ğŸ‘©ğŸ¾â€ğŸ”¬ğŸ§¬ğŸ‘©ğŸ»â€ğŸ”§ğŸ©»ğŸ‘©ğŸ¼â€ğŸ’»ğŸ§ªğŸ‘©ğŸ»â€âš•ï¸ğŸ’»ğŸ‘©ğŸ½â€ğŸ­ğŸ“¡ğŸ‘©ğŸ»â€ğŸš€ğŸ§°A Big Thank you to Center for Education Integrating Science, Mathematics, and Computing (CEISMC) hosting this event! We had the opportunity to talk with young female scientists at the high school and undergraduate level and share our experience with them. I am so excited that these student have the opportunity to engage with this material at such a young age and they are an inspiration to me in their love of mathematics and computer science. I would highly recommend looking into CEISMC to any young person passionate about STEM. As always feel free to comment or message with any questions on my experience! And to all the young female scientists out there: Iâ€™M ROUTING FOR YOU!! Happy Girls in Engineering Day!ğŸ”¬ğŸ¥¼ğŸ“ˆ",https://media.licdn.com/dms/image/D5622AQEiNBBjz5fVNw/feedshare-shrink_2048_1536/0/1699645174217?e=1720656000&v=beta&t=Bs1_04nXpdNCYZ0B8HAO1vYbYwflyxqnhyoYNWCoukU,https://media.licdn.com/dms/image/D5622AQGO85dci2NbAQ/feedshare-shrink_2048_1536/0/1699645174154?e=1720656000&v=beta&t=TpbG9FwY_N5AA0z5OFwhmlrJl1hP4URQujGD5ncRNY0,urn:li:activity:7128828558436679683,https://www.linkedin.com/posts/breannashi_i-had-an-amazing-experience-serving-on-the-activity-7128828558436679683--oKB?utm_source=share&utm_medium=member_desktop
Excited to be a part of the Georgia Tech Neuro Next launch event! I met a lot of scientist across campus working in innovative neuro science applications. Please reach out to learn more about how I am studying behavior in cichlids through neuroscience! ğŸ ğŸ¡ğŸ§¬ğŸ¥¼,https://media.licdn.com/dms/image/D5622AQGScFI-RyPeIQ/feedshare-shrink_2048_1536/0/1699219145488?e=1720656000&v=beta&t=DwKeU3arFbKf7DQvPwHb4m50esMVY59HfbD0MJFB8qY,https://media.licdn.com/dms/image/D5622AQGScFI-RyPeIQ/feedshare-shrink_2048_1536/0/1699219145488?e=1720656000&v=beta&t=DwKeU3arFbKf7DQvPwHb4m50esMVY59HfbD0MJFB8qY,urn:li:activity:7127041666594586624,https://www.linkedin.com/posts/breannashi_excited-to-be-a-part-of-the-georgia-tech-activity-7127041666594586624-Y6uB?utm_source=share&utm_medium=member_desktop
"I am honored to meet with NRELâ€™s building energy research team as a part of their iniative to recruit a diverse research talent. I learned so much about the impact that building science has on our sustainability goals as a country and the challenges that need motivated researchers to solve. I was excited to see that the people managing building energy projects were encouraging of collaboration in interdisciplinary project and had some interesting ongoing applications to computer vision. I was particularly inspired by the work of Dr. Ardelia Clarke in using data science to critically examine what equity looks like in terms of building performance standards and policy. I am extremely greatful to the building science research team for inviting to here about their cutting-edge research projects! As always, Please feel to reach out to me by comment or direct message if you have any further questions on my experience at NREL.ğŸ˜ŠğŸ‰",https://media.licdn.com/dms/image/D5622AQEjjOaRL6zE1A/feedshare-shrink_800/0/1696983239473?e=1720656000&v=beta&t=ZuD3nLOEvY38bzQHwvmcDKnV4WCQ6a3hPHF4W3WDJYA,https://media.licdn.com/dms/image/D5622AQG3oOggcRe-Qg/feedshare-shrink_2048_1536/0/1696982972419?e=1720656000&v=beta&t=rhk87gWl5nGMXDOS-QpN6ndHfy_oQ5ms2u-9tw2UNqc,urn:li:activity:7117663747187359744,https://www.linkedin.com/posts/breannashi_i-am-honored-to-meet-with-nrels-building-activity-7117663747187359744-8kEN?utm_source=share&utm_medium=member_desktop
I am honor to be invited to speak with Georgia Tech's Bioinformatics Organization on their Graduate school panel. It's inspiring to see so many students interested in entering this emerging field early in their career. We had great conversations about courses and experiences that will help students figure out if they want to pursue bioinformatics for graduate education. Missed the panel? Feel free to reach out and continue the discussion with me here.,https://media.licdn.com/dms/image/D5622AQFPZSdqAHkWJw/feedshare-shrink_800/0/1696268347975?e=1720656000&v=beta&t=ba-dR0YIOS4JxEs43F3u5QhuvYoLQdbQyTYTKYGsXq4,https://media.licdn.com/dms/image/D5622AQFPZSdqAHkWJw/feedshare-shrink_800/0/1696268347975?e=1720656000&v=beta&t=ba-dR0YIOS4JxEs43F3u5QhuvYoLQdbQyTYTKYGsXq4,urn:li:activity:7114665119837540352,https://www.linkedin.com/posts/breannashi_i-am-honor-to-be-invited-to-speak-with-georgia-activity-7114665119837540352-IvT9?utm_source=share&utm_medium=member_desktop
"My mentees Michael Ortega and Jameson Pham presented at the GT & Spelman Climate Workshop conference today and I couldn't be prouder of their dedication as student researchers. Climate science is a critical topic, and it's incredibly impactful to see my mentee find meaningful connections to it through our work and share their finding with our broader research community. I'm grateful to be a part of your journey and Iâ€™m looking forward to continuing great research with you!",https://media.licdn.com/dms/image/D4E22AQF9FrPieZQ9Yw/feedshare-shrink_800/0/1694561277954?e=1720656000&v=beta&t=YDGPjaSjRKgSf2fqm14FARLmwkYPFLXyKIoEzffEhy8,https://media.licdn.com/dms/image/D4E22AQG0TsDvMTICwA/feedshare-shrink_2048_1536/0/1694559991105?e=1720656000&v=beta&t=cQxHrAN3ZZJcKmzjGU2KSXNijD17GUFhRBfNt3hZztU,urn:li:activity:7107505156283346945,https://www.linkedin.com/posts/breannashi_my-mentees-michael-ortega-and-jameson-pham-activity-7107505156283346945-lJrS?utm_source=share&utm_medium=member_desktop
Celebrating a year of mentorship with my student research team! Reflecting on our goals and determining effective strategies has been key to creating a community that empowers student researchers to pursue their fascination with machine learning and social behavior. I've shared my reflections on my impact with mentorship in this article and hope that my struggles and triumphs will serve as inspiration for any new mentors. Big shout out to Sara Franc for her work on this piece and to The Whistle for sharing my experiences with their audience! Share with anyone considering becoming a mentor.https://lnkd.in/ePHy4kQ7,,,urn:li:activity:7102808806543253505,https://www.linkedin.com/posts/breannashi_mentor-mentee-connection-institute-address-activity-7102808806543253505-JGDl?utm_source=share&utm_medium=member_desktop
I had an exciting time representing the McGrath lab at the Bioinformatics orientation poster session! I would love extend a welcome to our new PhD and master students joining the Bioinformatics program. Looking forward to witnessing all the amazing accomplishments you'll achieve! Please feel free to reach out with any questions on our programs or the Georgia tech community! ğŸ˜ğŸ˜ğŸ‰,https://media.licdn.com/dms/image/D5622AQFRocg5fFviTg/feedshare-shrink_2048_1536/0/1692302472434?e=1720656000&v=beta&t=M6wHQkR65Giof0eY9M_t9dbCDmUt4WCSfTT02kt3iKY,https://media.licdn.com/dms/image/D5622AQFRocg5fFviTg/feedshare-shrink_2048_1536/0/1692302472434?e=1720656000&v=beta&t=M6wHQkR65Giof0eY9M_t9dbCDmUt4WCSfTT02kt3iKY,urn:li:activity:7098031034323124224,https://www.linkedin.com/posts/breannashi_i-had-an-exciting-time-representing-the-mcgrath-activity-7098031034323124224-9cac?utm_source=share&utm_medium=member_desktop
"Exciting news! I was recently featured in the Grad Buzznews letter to participate in the ""SERIES: Transition to Grad School Like a Pro"".  I'm thrilled to be able to pay it forward and offer some tips for new graduate students.  I want to thank Sara Franc for her work on this interview and I hope that the advice with be helpful to you! ğŸ¤— ğŸ˜ğŸ’¡  Check out the article for some insights that I hope may help you or someone you know navigate through the graduate school experience. ğŸ’¡ https://lnkd.in/gYdCqqCN",,,urn:li:activity:7094513745300783104,https://www.linkedin.com/posts/breannashi_series-transition-to-grad-school-like-a-activity-7094513745300783104-4AZi?utm_source=share&utm_medium=member_desktop
"ğŸ‘¾ğŸ‘¾Sadly, The summer is coming to an end. But, I wanted to take the time to recognize my summer student researchers who have been working on pose-estimation this summer: Michael Ortega, Jameson Pham, Parul Methi, and Harini Mudradi. I am headed into my second year serving as a research mentor and I truly cannot tell you how much I have grown through this experience. Working on a interdisciplinary team, provides you with so many new perspectives you wouldnâ€™t otherwise be able to interact with. I canâ€™t wait to see what we will accomplish in together this year. As always feel free to reach out if you have questions on my mentorship experience. ğŸ‘¾ğŸ‘¾",https://media.licdn.com/dms/image/D5622AQEmTTQ0mb8Vbw/feedshare-shrink_2048_1536/0/1690564101910?e=1720656000&v=beta&t=jHGUTUffsvz3FxhaYMXDoOaZtxwNcQTaeJRBu8VlL9Y,https://media.licdn.com/dms/image/D5622AQEmTTQ0mb8Vbw/feedshare-shrink_2048_1536/0/1690564101910?e=1720656000&v=beta&t=jHGUTUffsvz3FxhaYMXDoOaZtxwNcQTaeJRBu8VlL9Y,urn:li:activity:7090739781441097729,https://www.linkedin.com/posts/breannashi_sadly-the-summer-is-coming-to-an-end-activity-7090739781441097729-mfAy?utm_source=share&utm_medium=member_desktop
"Looking for something to do this summer? Interested in Bioinformatics or Machine Learning? I may have just the thing for you!Myself and my mentee group (FishStalkers) are proud to announce are our twice weekly remote journal clubs in Bioinformatics and Machine Learning summer journal clubs. We all had a blast teaching the Georgia Tech Research community at our Mathematics and Computer Science Symposium this spring and we want to keep those conversations going in our newest educational outreach program! These groups will be lead by myself and Veena G. a fantastic computer science student and Women, Science, and Technology fellow who is passionate about making machine learning and bioinformatics topics accessible to all researchers and learners. This opportunity is open to everyone in the Georgia Tech communityğŸ˜Š Looking forward to seeing you there!!Here is what you need to know: Machine Learning Journal Club: Mondays 5 - 6 PM ESTSource materials: https://lnkd.in/g-c_xaufJoin the teams chat: https://lnkd.in/eybtduAJBioinformatics Journal Club: Thursdays 5 - 6 PM ESTSource materials: https://lnkd.in/gAPAPV5CJoin the teams chat: https://lnkd.in/eTWn3mGj",https://media.licdn.com/dms/image/D5622AQEv-Qhx6VQiNw/feedshare-shrink_2048_1536/0/1686353731184?e=1720656000&v=beta&t=l5vldZ1AV9-e4t6aY1olw84a7BNsBei-4rb7SPD1gEU,https://media.licdn.com/dms/image/D5622AQEv-Qhx6VQiNw/feedshare-shrink_2048_1536/0/1686353731184?e=1720656000&v=beta&t=l5vldZ1AV9-e4t6aY1olw84a7BNsBei-4rb7SPD1gEU,urn:li:activity:7073080208001536001,https://www.linkedin.com/posts/breannashi_looking-for-something-to-do-this-summer-activity-7073080208001536001-6zD0?utm_source=share&utm_medium=member_desktop
"Congratulations to my Biology undergraduate researcher for their phenomenal work presenting at the Undergraduate Research Symposium! Annelie Minor , Emma Volkmann, and William Hancock came together over the course of a semester to present their work on cross-species cichlid behavioral studies. Annelie Minor and William Hancock have been working with me since September 2022. I have really seen them grow as researchers over this time. In January, Emma join our team as a Fast-Track Scholar and she was diligent in her studies to learn the previous work in this project.  As Scientist, I feel it really doesn't matter what we do unless you can convey to others the impacts of our work. I am extremely proud of their efforts to share their research with the broader Georgia Tech Research community!I could not be happier with the work that they put in to this project and look forward to continuing our work this fall!",https://media.licdn.com/dms/image/D5622AQEFevAPxjczcQ/feedshare-shrink_800/0/1685730252251?e=1720656000&v=beta&t=45gJu1Xv1tM2jHyMg4VWVHp6elCpmC8tHp3IVRNB3xM,https://media.licdn.com/dms/image/D5622AQEFevAPxjczcQ/feedshare-shrink_800/0/1685730252251?e=1720656000&v=beta&t=45gJu1Xv1tM2jHyMg4VWVHp6elCpmC8tHp3IVRNB3xM,urn:li:activity:7070467024946171904,https://www.linkedin.com/posts/breannashi_congratulations-to-my-biology-undergraduate-activity-7070467024946171904-A1H_?utm_source=share&utm_medium=member_desktop
"I would like to send out a huge congratulations to Harini Mudradi and Asmita Lagwankar on the completion of their first year of Bioinformatics MS. I have had the absolute pleasure of working with these two driven students and researchers since august 2022. They are members of my very first co-hort of mentees in PhD and I greatly appreciate them putting their faith in me to support their development as researchers. Harini Mudradi will be continuing her research in computational behavioral analysis here in the McGrath Lab this summer and graduating in Fall 2023. Asmita Lagwankar has accepted a  Computational Biology Co-op internship at Cellarity, Boston and will return to complete her masters spring 2024! It has been a great year working together and I can't wait to see what we will accomplish next!!",https://media.licdn.com/dms/image/D5622AQFgSRhAJ5rW7g/feedshare-shrink_800/0/1685125865199?e=1720656000&v=beta&t=pUSWY-ALwqtEkKCKCvOHmorVoE6n0ZKNY_z1PIgsyeY,https://media.licdn.com/dms/image/D5622AQFgSRhAJ5rW7g/feedshare-shrink_800/0/1685125865199?e=1720656000&v=beta&t=pUSWY-ALwqtEkKCKCvOHmorVoE6n0ZKNY_z1PIgsyeY,urn:li:activity:7067930161467293697,https://www.linkedin.com/posts/breannashi_i-would-like-to-send-out-a-huge-congratulations-activity-7067930161467293697-jeQC?utm_source=share&utm_medium=member_desktop
"This semester I was celebrated with a display for Graduate Student appreciation week by nomination from my fantastic students researcher in my FishStalkers Georgia Tech VIP Program course. I was asked to chose a item which represent my collaboration, so my students help we made a colleague of our growth and experiences as mentorship group. I have been (and still on) a long journey to mentor my students well and to help them achieve personal success. I am appreciative of them putting their faith in me as their mentor and sticking with our group while I am learning to be an instructor, mentor, and advocate. ğŸŸ To all my FishStalkers out there, I hope you will consider this a symbol of all of our successes and hard-work this semester,  and further I thank you for your nomination. Know that I consider leadership a responsibility and not a privilege of my expertise, and I will continue to do my best to uphold and surpass your expectations for my role.  ğŸŸ If you are interested in my mentorship system feel free to reach out! I am alway happy to help others learn from my experiences (and mistakes haha) ğŸ˜‚",https://media.licdn.com/dms/image/D5622AQFC71I6kor27A/feedshare-shrink_800/0/1684628893479?e=1720656000&v=beta&t=4jDHTQ8FAtbsAGDAI3fmlf5MxQwAVsH5oVqng6cGLhw,https://media.licdn.com/dms/image/D5622AQHSGVwg_-HpwA/feedshare-shrink_800/0/1684628895093?e=1720656000&v=beta&t=ezz1kKd5pqfo0W7Qe6kPrBh2KHiCvx7i0Llp1SUHIDM,urn:li:activity:7065845724684451840,https://www.linkedin.com/posts/breannashi_this-semester-i-was-celebrated-with-a-display-activity-7065845724684451840-sEhz?utm_source=share&utm_medium=member_desktop